"icd_decimal","icd_short"
"I21","I21"
"I21.0","I210"
"I21.01","I2101"
"I21.02","I2102"
"I21.09","I2109"
"I21.1","I211"
"I21.11","I2111"
"I21.19","I2119"
"I21.2","I212"
"I21.21","I2121"
"I21.29","I2129"
"I21.3","I213"
"I21.4","I214"
"I21.9","I219"
"I21.A","I21A"
"I21.A1","I21A1"
"I21.A9","I21A9"
"I22","I22"
"I22.0","I220"
"I22.1","I221"
"I22.2","I222"
"I22.8","I228"
"I22.9","I229"
"I71","I71"
"I71.0","I710"
"I71.00","I7100"
"I71.01","I7101"
"I71.010","I71010"
"I71.011","I71011"
"I71.012","I71012"
"I71.019","I71019"
"I71.02","I7102"
"I71.03","I7103"
"I71.1","I711"
"I71.10","I7110"
"I71.11","I7111"
"I71.12","I7112"
"I71.13","I7113"
"I71.2","I712"
"I71.20","I7120"
"I71.21","I7121"
"I71.22","I7122"
"I71.23","I7123"
"I71.3","I713"
"I71.30","I7130"
"I71.31","I7131"
"I71.32","I7132"
"I71.33","I7133"
"I71.4","I714"
"I71.40","I7140"
"I71.41","I7141"
"I71.42","I7142"
"I71.43","I7143"
"I71.5","I715"
"I71.50","I7150"
"I71.51","I7151"
"I71.52","I7152"
"I71.6","I716"
"I71.60","I7160"
"I71.61","I7161"
"I71.62","I7162"
"I71.8","I718"
"I71.9","I719"
"I79.0","I790"
"N17","N17"
"N17.0","N170"
"N17.1","N171"
"N17.2","N172"
"N17.8","N178"
"N17.9","N179"
"O90.4","O904"
"J80","J80"
"J95.1","J951"
"J95.2","J952"
"J95.3","J953"
"J95.82","J9582"
"J95.821","J95821"
"J95.822","J95822"
"J96.0","J960"
"J96.00","J9600"
"J96.01","J9601"
"J96.02","J9602"
"J96.2","J962"
"J96.20","J9620"
"J96.21","J9621"
"J96.22","J9622"
"J96.9","J969"
"J96.90","J9690"
"J96.91","J9691"
"J96.92","J9692"
"R06.03","R0603"
"R09.2","R092"
"O88.112","O88112"
"O88.113","O88113"
"O88.119","O88119"
"O88.12","O8812"
"O88.13","O8813"
"I46","I46"
"I46.2","I462"
"I46.8","I468"
"I46.9","I469"
"I49.0","I490"
"I49.01","I4901"
"I49.02","I4902"
"5A2204Z","5A2204Z"
"5A12012","5A12012"
"D65","D65"
"D68.8","D688"
"D68.9","D689"
"O45.002","O45002"
"O45.003","O45003"
"O45.009","O45009"
"O45.012","O45012"
"O45.013","O45013"
"O45.019","O45019"
"O45.022","O45022"
"O45.023","O45023"
"O45.029","O45029"
"O45.092","O45092"
"O45.093","O45093"
"O45.O99","O45O99"
"O46.002","O46002"
"O46.003","O46003"
"O46.009","O46009"
"O46.012","O46012"
"O46.013","O46013"
"O46.019","O46019"
"O46.022","O46022"
"O46.023","O46023"
"O46.029","O46029"
"O46.092","O46092"
"O46.093","O46093"
"O46.099","O46099"
"O67.0","O670"
"O72.3","O723"
"O15","O15"
"O15.0","O150"
"O15.00","O1500"
"O15.02","O1502"
"O15.03","O1503"
"O15.1","O151"
"O15.2","O152"
"O15.9","O159"
"I97.12","I9712"
"I97.120","I97120"
"I97.121","I97121"
"I97.13","I9713"
"I97.130","I97130"
"I97.131","I97131"
"I97.710","I97710"
"I97.711","I97711"
"A81.2","A812"
"G45","G45"
"G45.0","G450"
"G45.1","G451"
"G45.2","G452"
"G45.3","G453"
"G45.4","G454"
"G45.8","G458"
"G45.9","G459"
"G46","G46"
"G46.0","G460"
"G46.1","G461"
"G46.2","G462"
"G46.3","G463"
"G46.4","G464"
"G46.5","G465"
"G46.6","G466"
"G46.7","G467"
"G46.8","G468"
"G93.49","G9349"
"H34.0","H340"
"H34.00","H3400"
"H34.01","H3401"
"H34.02","H3402"
"H34.03","H3403"
"I60","I60"
"I60.0","I600"
"I60.00","I6000"
"I60.01","I6001"
"I60.02","I6002"
"I60.1","I601"
"I60.10","I6010"
"I60.11","I6011"
"I60.12","I6012"
"I60.2","I602"
"I60.3","I603"
"I60.30","I6030"
"I60.31","I6031"
"I60.32","I6032"
"I60.4","I604"
"I60.5","I605"
"I60.50","I6050"
"I60.51","I6051"
"I60.52","I6052"
"I60.6","I606"
"I60.7","I607"
"I60.8","I608"
"I60.9","I609"
"I61","I61"
"I61.0","I610"
"I61.1","I611"
"I61.2","I612"
"I61.3","I613"
"I61.4","I614"
"I61.5","I615"
"I61.6","I616"
"I61.8","I618"
"I61.9","I619"
"I62","I62"
"I62.0","I620"
"I62.00","I6200"
"I62.01","I6201"
"I62.02","I6202"
"I62.03","I6203"
"I62.1","I621"
"I62.9","I629"
"I63","I63"
"I63.0","I630"
"I63.00","I6300"
"I63.01","I6301"
"I63.011","I63011"
"I63.012","I63012"
"I63.013","I63013"
"I63.019","I63019"
"I63.02","I6302"
"I63.03","I6303"
"I63.031","I63031"
"I63.032","I63032"
"I63.033","I63033"
"I63.039","I63039"
"I63.09","I6309"
"I63.1","I631"
"I63.10","I6310"
"I63.11","I6311"
"I63.111","I63111"
"I63.112","I63112"
"I63.113","I63113"
"I63.119","I63119"
"I63.12","I6312"
"I63.13","I6313"
"I63.131","I63131"
"I63.132","I63132"
"I63.133","I63133"
"I63.139","I63139"
"I63.19","I6319"
"I63.2","I632"
"I63.20","I6320"
"I63.21","I6321"
"I63.211","I63211"
"I63.212","I63212"
"I63.213","I63213"
"I63.219","I63219"
"I63.22","I6322"
"I63.23","I6323"
"I63.231","I63231"
"I63.232","I63232"
"I63.233","I63233"
"I63.239","I63239"
"I63.29","I6329"
"I63.3","I633"
"I63.30","I6330"
"I63.31","I6331"
"I63.311","I63311"
"I63.312","I63312"
"I63.313","I63313"
"I63.319","I63319"
"I63.32","I6332"
"I63.321","I63321"
"I63.322","I63322"
"I63.323","I63323"
"I63.329","I63329"
"I63.33","I6333"
"I63.331","I63331"
"I63.332","I63332"
"I63.333","I63333"
"I63.339","I63339"
"I63.34","I6334"
"I63.341","I63341"
"I63.342","I63342"
"I63.343","I63343"
"I63.349","I63349"
"I63.39","I6339"
"I63.4","I634"
"I63.40","I6340"
"I63.41","I6341"
"I63.411","I63411"
"I63.412","I63412"
"I63.413","I63413"
"I63.419","I63419"
"I63.42","I6342"
"I63.421","I63421"
"I63.422","I63422"
"I63.423","I63423"
"I63.429","I63429"
"I63.43","I6343"
"I63.431","I63431"
"I63.432","I63432"
"I63.433","I63433"
"I63.439","I63439"
"I63.44","I6344"
"I63.441","I63441"
"I63.442","I63442"
"I63.443","I63443"
"I63.449","I63449"
"I63.49","I6349"
"I63.5","I635"
"I63.50","I6350"
"I63.51","I6351"
"I63.511","I63511"
"I63.512","I63512"
"I63.513","I63513"
"I63.519","I63519"
"I63.52","I6352"
"I63.521","I63521"
"I63.522","I63522"
"I63.523","I63523"
"I63.529","I63529"
"I63.53","I6353"
"I63.531","I63531"
"I63.532","I63532"
"I63.533","I63533"
"I63.539","I63539"
"I63.54","I6354"
"I63.541","I63541"
"I63.542","I63542"
"I63.543","I63543"
"I63.549","I63549"
"I63.59","I6359"
"I63.6","I636"
"I63.8","I638"
"I63.81","I6381"
"I63.89","I6389"
"I63.9","I639"
"I65","I65"
"I65.0","I650"
"I65.01","I6501"
"I65.02","I6502"
"I65.03","I6503"
"I65.09","I6509"
"I65.1","I651"
"I65.2","I652"
"I65.21","I6521"
"I65.22","I6522"
"I65.23","I6523"
"I65.29","I6529"
"I65.8","I658"
"I65.9","I659"
"I66","I66"
"I66.0","I660"
"I66.01","I6601"
"I66.02","I6602"
"I66.03","I6603"
"I66.09","I6609"
"I66.1","I661"
"I66.11","I6611"
"I66.12","I6612"
"I66.13","I6613"
"I66.19","I6619"
"I66.2","I662"
"I66.21","I6621"
"I66.22","I6622"
"I66.23","I6623"
"I66.29","I6629"
"I66.3","I663"
"I66.8","I668"
"I66.9","I669"
"I67","I67"
"I67.0","I670"
"I67.1","I671"
"I67.2","I672"
"I67.3","I673"
"I67.4","I674"
"I67.5","I675"
"I67.6","I676"
"I67.7","I677"
"I67.8","I678"
"I67.81","I6781"
"I67.82","I6782"
"I67.83","I6783"
"I67.84","I6784"
"I67.841","I67841"
"I67.848","I67848"
"I67.85","I6785"
"I67.850","I67850"
"I67.858","I67858"
"I67.89","I6789"
"I67.9","I679"
"I68","I68"
"I68.0","I680"
"I68.2","I682"
"I68.8","I688"
"O22.50","O2250"
"O22.52","O2252"
"O22.53","O2253"
"I97.81","I9781"
"I97.810","I97810"
"I97.811","I97811"
"I97.82","I9782"
"I97.820","I97820"
"I97.821","I97821"
"O87.3","O873"
"J81.0","J810"
"I50.1","I501"
"I50.20","I5020"
"I50.21","I5021"
"I50.23","I5023"
"I50.30","I5030"
"I50.31","I5031"
"I50.33","I5033"
"I50.40","I5040"
"I50.41","I5041"
"I50.43","I5043"
"I50.810","I50810"
"I50.811","I50811"
"I50.813","I50813"
"I50.814","I50814"
"I50.82","I5082"
"I50.83","I5083"
"I50.84","I5084"
"I50.89","I5089"
"I50.9","I509"
"O29.112","O29112"
"O29.113","O29113"
"O29.119","O29119"
"O29.122","O29122"
"O29.123","O29123"
"O29.129","O29129"
"O29.192","O29192"
"O29.193","O29193"
"O29.199","O29199"
"O29.212","O29212"
"O29.213","O29213"
"O29.219","O29219"
"O29.292","O29292"
"O29.293","O29293"
"O29.299","O29299"
"O74.0","O740"
"O74.1","O741"
"O74.2","O742"
"O74.3","O743"
"O89.0","O890"
"O89.01","O8901"
"O89.09","O8909"
"O89.1","O891"
"O89.2","O892"
"T88.2XXA","T882XXA"
"T88.3XXA","T883XXA"
"O85","O85"
"R65.2","R652"
"R65.20","R6520"
"R65.21","R6521"
"T81.12XA","T8112XA"
"T81.44XA","T8144XA"
"I76","I76"
"O86.04","O8604"
"A40","A40"
"A40.0","A400"
"A40.1","A401"
"A40.3","A403"
"A40.8","A408"
"A40.9","A409"
"A41","A41"
"A41.0","A410"
"A41.01","A4101"
"A41.02","A4102"
"A41.1","A411"
"A41.2","A412"
"A41.3","A413"
"A41.4","A414"
"A41.5","A415"
"A41.50","A4150"
"A41.51","A4151"
"A41.52","A4152"
"A41.53","A4153"
"A41.59","A4159"
"A41.8","A418"
"A41.81","A4181"
"A41.89","A4189"
"A41.9","A419"
"A32.7","A327"
"O75.1","O751"
"R57","R57"
"R57.0","R570"
"R57.1","R571"
"R57.8","R578"
"R57.9","R579"
"T78.2XXA","T782XXA"
"T88.6XXA","T886XXA"
"T81.10XA","T8110XA"
"T81.11XA","T8111XA"
"T81.19XA","T8119XA"
"D57.0","D570"
"D57.00","D5700"
"D57.01","D5701"
"D57.02","D5702"
"D57.03","D5703"
"D57.09","D5709"
"D57.21","D5721"
"D57.211","D57211"
"D57.212","D57212"
"D57.213","D57213"
"D57.218","D57218"
"D57.219","D57219"
"D57.41","D5741"
"D57.411","D57411"
"D57.412","D57412"
"D57.413","D57413"
"D57.418","D57418"
"D57.419","D57419"
"D57.81","D5781"
"D57.811","D57811"
"D57.812","D57812"
"D57.813","D57813"
"D57.818","D57818"
"D57.819","D57819"
"I26","I26"
"I26.0","I260"
"I26.01","I2601"
"I26.02","I2602"
"I26.09","I2609"
"I26.9","I269"
"I26.90","I2690"
"I26.92","I2692"
"I26.93","I2693"
"I26.94","I2694"
"I26.99","I2699"
"O88.012","O88012"
"O88.013","O88013"
"O88.019","O88019"
"O88.02","O8802"
"O88.03","O8803"
"O88.212","O88212"
"O88.213","O88213"
"O88.219","O88219"
"O88.22","O8822"
"O88.23","O8823"
"O88.312","O88312"
"O88.313","O88313"
"O88.319","O88319"
"O88.32","O8832"
"O88.33","O8833"
"O88.812","O88812"
"O88.813","O88813"
"O88.819","O88819"
"O88.82","O8882"
"O88.83","O8883"
"T80.0XXA","T800XXA"
"30230H0","30230H0"
"30230K0","30230K0"
"30230L0","30230L0"
"30230M0","30230M0"
"30230N0","30230N0"
"30230P0","30230P0"
"30230R0","30230R0"
"30230T0","30230T0"
"30230H1","30230H1"
"30230K1","30230K1"
"30230L1","30230L1"
"30230M1","30230M1"
"30230N1","30230N1"
"30230P1","30230P1"
"30230R1","30230R1"
"30230T1","30230T1"
"30233H0","30233H0"
"30233K0","30233K0"
"30233L0","30233L0"
"30233M0","30233M0"
"30233N0","30233N0"
"30233P0","30233P0"
"30233R0","30233R0"
"30233T0","30233T0"
"30233H1","30233H1"
"30233K1","30233K1"
"30233L1","30233L1"
"30233M1","30233M1"
"30233N1","30233N1"
"30233P1","30233P1"
"30233R1","30233R1"
"30233T1","30233T1"
"30240H0","30240H0"
"30240K0","30240K0"
"30240L0","30240L0"
"30240M0","30240M0"
"30240N0","30240N0"
"30240P0","30240P0"
"30240R0","30240R0"
"30240T0","30240T0"
"30240H1","30240H1"
"30240K1","30240K1"
"30240L1","30240L1"
"30240M1","30240M1"
"30240N1","30240N1"
"30240P1","30240P1"
"30240R1","30240R1"
"30240T1","30240T1"
"30243H0","30243H0"
"30243K0","30243K0"
"30243L0","30243L0"
"30243M0","30243M0"
"30243N0","30243N0"
"30243P0","30243P0"
"30243R0","30243R0"
"30243T0","30243T0"
"30243H1","30243H1"
"30243K1","30243K1"
"30243L1","30243L1"
"30243M1","30243M1"
"30243N1","30243N1"
"30243P1","30243P1"
"30243R1","30243R1"
"30243T1","30243T1"
"0UT90ZZ","0UT90ZZ"
"OUT97ZL","OUT97ZL"
"0UT97ZZ","0UT97ZZ"
"0UT90ZL","0UT90ZL"
"0B110F4","0B110F4"
"0B113F4","0B113F4"
"0B114F4","0B114F4"
"5A1935Z","5A1935Z"
"5A1945Z","5A1945Z"
"5A1955Z","5A1955Z"
"O86.12","O8612"
"N71.0","N710"
"N71.1","N711"
"N71.9","N719"
"F53.0","F530"
"O99.345","O99345"
"F43.10","F4310"
"F43.11","F4311"
"F43.12","F4312"
"I10","I10"
"I11.9","I119"
"I12.9","I129"
"I13.10","I1310"
"I16","I16"
"I16.0","I160"
"I16.1","I161"
"I16.9","I169"
"O10","O10"
"O10.0","O100"
"O10.01","O1001"
"O10.011","O10011"
"O10.012","O10012"
"O10.013","O10013"
"O10.019","O10019"
"O10.02","O1002"
"O10.03","O1003"
"O10.1","O101"
"O10.11","O1011"
"O10.111","O10111"
"O10.112","O10112"
"O10.113","O10113"
"O10.119","O10119"
"O10.12","O1012"
"O10.13","O1013"
"O10.2","O102"
"O10.21","O1021"
"O10.211","O10211"
"O10.212","O10212"
"O10.213","O10213"
"O10.219","O10219"
"O10.22","O1022"
"O10.23","O1023"
"O10.3","O103"
"O10.31","O1031"
"O10.311","O10311"
"O10.312","O10312"
"O10.313","O10313"
"O10.319","O10319"
"O10.32","O1032"
"O10.33","O1033"
"O10.4","O104"
"O10.41","O1041"
"O10.411","O10411"
"O10.412","O10412"
"O10.413","O10413"
"O10.419","O10419"
"O10.42","O1042"
"O10.43","O1043"
"O10.9","O109"
"O10.91","O1091"
"O10.911","O10911"
"O10.912","O10912"
"O10.913","O10913"
"O10.919","O10919"
"O10.92","O1092"
"O10.93","O1093"
"O11.1","O111"
"O11.2","O112"
"O11.3","O113"
"O11.9","O119"
"E10","E10"
"E10.1","E101"
"E10.10","E1010"
"E10.11","E1011"
"E10.2","E102"
"E10.21","E1021"
"E10.22","E1022"
"E10.29","E1029"
"E10.3","E103"
"E10.31","E1031"
"E10.311","E10311"
"E10.319","E10319"
"E10.32","E1032"
"E10.321","E10321"
"E10.3211","E103211"
"E10.3212","E103212"
"E10.3213","E103213"
"E10.3219","E103219"
"E10.329","E10329"
"E10.3291","E103291"
"E10.3292","E103292"
"E10.3293","E103293"
"E10.3299","E103299"
"E10.33","E1033"
"E10.331","E10331"
"E10.3311","E103311"
"E10.3312","E103312"
"E10.3313","E103313"
"E10.3319","E103319"
"E10.339","E10339"
"E10.3391","E103391"
"E10.3392","E103392"
"E10.3393","E103393"
"E10.3399","E103399"
"E10.34","E1034"
"E10.341","E10341"
"E10.3411","E103411"
"E10.3412","E103412"
"E10.3413","E103413"
"E10.3419","E103419"
"E10.349","E10349"
"E10.3491","E103491"
"E10.3492","E103492"
"E10.3493","E103493"
"E10.3499","E103499"
"E10.35","E1035"
"E10.351","E10351"
"E10.3511","E103511"
"E10.3512","E103512"
"E10.3513","E103513"
"E10.3519","E103519"
"E10.352","E10352"
"E10.3521","E103521"
"E10.3522","E103522"
"E10.3523","E103523"
"E10.3529","E103529"
"E10.353","E10353"
"E10.3531","E103531"
"E10.3532","E103532"
"E10.3533","E103533"
"E10.3539","E103539"
"E10.354","E10354"
"E10.3541","E103541"
"E10.3542","E103542"
"E10.3543","E103543"
"E10.3549","E103549"
"E10.355","E10355"
"E10.3551","E103551"
"E10.3552","E103552"
"E10.3553","E103553"
"E10.3559","E103559"
"E10.359","E10359"
"E10.3591","E103591"
"E10.3592","E103592"
"E10.3593","E103593"
"E10.3599","E103599"
"E10.36","E1036"
"E10.37","E1037"
"E10.37X1","E1037X1"
"E10.37X2","E1037X2"
"E10.37X3","E1037X3"
"E10.37X9","E1037X9"
"E10.39","E1039"
"E10.4","E104"
"E10.40","E1040"
"E10.41","E1041"
"E10.42","E1042"
"E10.43","E1043"
"E10.44","E1044"
"E10.49","E1049"
"E10.5","E105"
"E10.51","E1051"
"E10.52","E1052"
"E10.59","E1059"
"E10.6","E106"
"E10.61","E1061"
"E10.610","E10610"
"E10.618","E10618"
"E10.62","E1062"
"E10.620","E10620"
"E10.621","E10621"
"E10.622","E10622"
"E10.628","E10628"
"E10.63","E1063"
"E10.630","E10630"
"E10.638","E10638"
"E10.64","E1064"
"E10.641","E10641"
"E10.649","E10649"
"E10.65","E1065"
"E10.69","E1069"
"E10.8","E108"
"E10.9","E109"
"E11","E11"
"E11.0","E110"
"E11.00","E1100"
"E11.01","E1101"
"E11.1","E111"
"E11.10","E1110"
"E11.11","E1111"
"E11.2","E112"
"E11.21","E1121"
"E11.22","E1122"
"E11.29","E1129"
"E11.3","E113"
"E11.31","E1131"
"E11.311","E11311"
"E11.319","E11319"
"E11.32","E1132"
"E11.321","E11321"
"E11.3211","E113211"
"E11.3212","E113212"
"E11.3213","E113213"
"E11.3219","E113219"
"E11.329","E11329"
"E11.3291","E113291"
"E11.3292","E113292"
"E11.3293","E113293"
"E11.3299","E113299"
"E11.33","E1133"
"E11.331","E11331"
"E11.3311","E113311"
"E11.3312","E113312"
"E11.3313","E113313"
"E11.3319","E113319"
"E11.339","E11339"
"E11.3391","E113391"
"E11.3392","E113392"
"E11.3393","E113393"
"E11.3399","E113399"
"E11.34","E1134"
"E11.341","E11341"
"E11.3411","E113411"
"E11.3412","E113412"
"E11.3413","E113413"
"E11.3419","E113419"
"E11.349","E11349"
"E11.3491","E113491"
"E11.3492","E113492"
"E11.3493","E113493"
"E11.3499","E113499"
"E11.35","E1135"
"E11.351","E11351"
"E11.3511","E113511"
"E11.3512","E113512"
"E11.3513","E113513"
"E11.3519","E113519"
"E11.352","E11352"
"E11.3521","E113521"
"E11.3522","E113522"
"E11.3523","E113523"
"E11.3529","E113529"
"E11.353","E11353"
"E11.3531","E113531"
"E11.3532","E113532"
"E11.3533","E113533"
"E11.3539","E113539"
"E11.354","E11354"
"E11.3541","E113541"
"E11.3542","E113542"
"E11.3543","E113543"
"E11.3549","E113549"
"E11.355","E11355"
"E11.3551","E113551"
"E11.3552","E113552"
"E11.3553","E113553"
"E11.3559","E113559"
"E11.359","E11359"
"E11.3591","E113591"
"E11.3592","E113592"
"E11.3593","E113593"
"E11.3599","E113599"
"E11.36","E1136"
"E11.37","E1137"
"E11.37X1","E1137X1"
"E11.37X2","E1137X2"
"E11.37X3","E1137X3"
"E11.37X9","E1137X9"
"E11.39","E1139"
"E11.4","E114"
"E11.40","E1140"
"E11.41","E1141"
"E11.42","E1142"
"E11.43","E1143"
"E11.44","E1144"
"E11.49","E1149"
"E11.5","E115"
"E11.51","E1151"
"E11.52","E1152"
"E11.59","E1159"
"E11.6","E116"
"E11.61","E1161"
"E11.610","E11610"
"E11.618","E11618"
"E11.62","E1162"
"E11.620","E11620"
"E11.621","E11621"
"E11.622","E11622"
"E11.628","E11628"
"E11.63","E1163"
"E11.630","E11630"
"E11.638","E11638"
"E11.641","E11641"
"E11.649","E11649"
"E11.65","E1165"
"E11.69","E1169"
"E11.8","E118"
"E11.9","E119"
"E13","E13"
"E13.0","E130"
"E13.00","E1300"
"E13.01","E1301"
"E13.1","E131"
"E13.10","E1310"
"E13.11","E1311"
"E13.2","E132"
"E13.21","E1321"
"E13.22","E1322"
"E13.29","E1329"
"E13.3","E133"
"E13.31","E1331"
"E13.311","E13311"
"E13.319","E13319"
"E13.32","E1332"
"E13.321","E13321"
"E13.3211","E133211"
"E13.3212","E133212"
"E13.3213","E133213"
"E13.3219","E133219"
"E13.329","E13329"
"E13.3291","E133291"
"E13.3292","E133292"
"E13.3293","E133293"
"E13.3299","E133299"
"E13.33","E1333"
"E13.331","E13331"
"E13.3311","E133311"
"E13.3312","E133312"
"E13.3313","E133313"
"E13.3319","E133319"
"E13.339","E13339"
"E13.3391","E133391"
"E13.3392","E133392"
"E13.3393","E133393"
"E13.3399","E133399"
"E13.34","E1334"
"E13.341","E13341"
"E13.3411","E133411"
"E13.3412","E133412"
"E13.3413","E133413"
"E13.3419","E133419"
"E13.349","E13349"
"E13.3491","E133491"
"E13.3492","E133492"
"E13.3493","E133493"
"E13.3499","E133499"
"E13.35","E1335"
"E13.351","E13351"
"E13.3511","E133511"
"E13.3512","E133512"
"E13.3513","E133513"
"E13.3519","E133519"
"E13.352","E13352"
"E13.3521","E133521"
"E13.3522","E133522"
"E13.3523","E133523"
"E13.3529","E133529"
"E13.353","E13353"
"E13.3531","E133531"
"E13.3532","E133532"
"E13.3533","E133533"
"E13.3539","E133539"
"E13.354","E13354"
"E13.3541","E133541"
"E13.3542","E133542"
"E13.3543","E133543"
"E13.3549","E133549"
"E13.355","E13355"
"E13.3551","E133551"
"E13.3552","E133552"
"E13.3553","E133553"
"E13.3559","E133559"
"E13.359","E13359"
"E13.3591","E133591"
"E13.3592","E133592"
"E13.3593","E133593"
"E13.3599","E133599"
"E13.36","E1336"
"E13.37","E1337"
"E13.37X1","E1337X1"
"E13.37X2","E1337X2"
"E13.37X3","E1337X3"
"E13.37X9","E1337X9"
"E13.39","E1339"
"E13.4","E134"
"E13.40","E1340"
"E13.41","E1341"
"E13.42","E1342"
"E13.43","E1343"
"E13.44","E1344"
"E13.49","E1349"
"E13.5","E135"
"E13.51","E1351"
"E13.52","E1352"
"E13.59","E1359"
"E13.6","E136"
"E13.61","E1361"
"E13.610","E13610"
"E13.618","E13618"
"E13.62","E1362"
"E13.620","E13620"
"E13.621","E13621"
"E13.622","E13622"
"E13.628","E13628"
"E13.63","E1363"
"E13.630","E13630"
"E13.638","E13638"
"E13.64","E1364"
"E13.641","E13641"
"E13.649","E13649"
"E13.65","E1365"
"E13.69","E1369"
"E13.8","E138"
"E13.9","E139"
"O24","O24"
"O24.0","O240"
"O24.01","O2401"
"O24.011","O24011"
"O24.012","O24012"
"O24.013","O24013"
"O24.019","O24019"
"O24.02","O2402"
"O24.03","O2403"
"O24.1","O241"
"O24.11","O2411"
"O24.111","O24111"
"O24.112","O24112"
"O24.113","O24113"
"O24.119","O24119"
"O24.12","O2412"
"O24.13","O2413"
"O24.3","O243"
"O24.31","O2431"
"O24.311","O24311"
"O24.312","O24312"
"O24.313","O24313"
"O24.319","O24319"
"O24.32","O2432"
"O24.33","O2433"
"O24.4","O244"
"O24.41","O2441"
"O24.410","O24410"
"O24.414","O24414"
"O24.415","O24415"
"O24.419","O24419"
"O24.42","O2442"
"O24.420","O24420"
"O24.424","O24424"
"O24.425","O24425"
"O24.429","O24429"
"O24.43","O2443"
"O24.430","O24430"
"O24.434","O24434"
"O24.435","O24435"
"O24.439","O24439"
"O24.8","O248"
"O24.81","O2481"
"O24.811","O24811"
"O24.812","O24812"
"O24.813","O24813"
"O24.819","O24819"
"O24.82","O2482"
"O24.83","O2483"
"O24.9","O249"
"O24.91","O2491"
"O24.911","O24911"
"O24.912","O24912"
"O24.913","O24913"
"O24.919","O24919"
"O24.92","O2492"
"O24.93","O2493"
"O14.00","O1400"
"O14.02","O1402"
"O14.03","O1403"
"O14.10","O1410"
"O14.12","O1412"
"O14.13","O1413"
"O14.20","O1420"
"O14.22","O1422"
"O14.23","O1423"
"O14.90","O1490"
"O14.92","O1492"
"O14.93","O1493"
"O16.1","O161"
"O16.2","O162"
"O16.3","O163"
"O16.9","O169"
"O13.1","O131"
"O13.2","O132"
"O13.3","O133"
"O13.9","O139"
"F10.10","F1010"
"F10.12","F1012"
"F10.120","F10120"
"F10.121","F10121"
"F10.129","F10129"
"F10.14","F1014"
"F10.181","F10181"
"F10.182","F10182"
"F10.188","F10188"
"F10.19","F1019"
"F10.20","F1020"
"F10.22","F1022"
"F10.220","F10220"
"F10.221","F10221"
"F10.229","F10229"
"F10.23","F1023"
"F10.230","F10230"
"F10.231","F10231"
"F10.232","F10232"
"F10.239","F10239"
"F10.24","F1024"
"F10.26","F1026"
"F10.27","F1027"
"F10.281","F10281"
"F10.282","F10282"
"F10.288","F10288"
"F10.29","F1029"
"F10.92","F1092"
"F10.920","F10920"
"F10.921","F10921"
"F10.929","F10929"
"F10.94","F1094"
"F10.96","F1096"
"F10.97","F1097"
"F10.981","F10981"
"F10.982","F10982"
"F10.988","F10988"
"F10.99","F1099"
"G31.2","G312"
"G62.1","G621"
"O35.4","O354"
"O35.4XX0","O354XX0"
"O35.4XX1","O354XX1"
"O35.4XX2","O354XX2"
"O35.4XX3","O354XX3"
"O35.4XX4","O354XX4"
"O35.4XX5","O354XX5"
"O35.4XX9","O354XX9"
"O99.31","O9931"
"O99.310","O99310"
"O99.311","O99311"
"O99.312","O99312"
"O99.313","O99313"
"O99.314","O99314"
"O99.315","O99315"
"F11.10","F1110"
"F11.12","F1112"
"F11.120","F11120"
"F11.121","F11121"
"F11.122","F11122"
"F11.129","F11129"
"F11.14","F1114"
"F11.18","F1118"
"F11.181","F11181"
"F11.182","F11182"
"F11.188","F11188"
"F11.19","F1119"
"F11.20","F1120"
"F11.22","F1122"
"F11.220","F11220"
"F11.221","F11221"
"F11.222","F11222"
"F11.229","F11229"
"F11.23","F1123"
"F11.24","F1124"
"F11.28","F1128"
"F11.281","F11281"
"F11.282","F11282"
"F11.288","F11288"
"F11.29","F1129"
"F11.90","F1190"
"F11.92","F1192"
"F11.920","F11920"
"F11.921","F11921"
"F11.922","F11922"
"F11.929","F11929"
"F11.93","F1193"
"F11.94","F1194"
"F11.98","F1198"
"F11.981","F11981"
"F11.982","F11982"
"F11.988","F11988"
"F11.99","F1199"
"F12.12","F1212"
"F12.120","F12120"
"F12.121","F12121"
"F12.122","F12122"
"F12.129","F12129"
"F12.188","F12188"
"F12.19","F1219"
"F12.20","F1220"
"F12.22","F1222"
"F12.220","F12220"
"F12.221","F12221"
"F12.222","F12222"
"F12.229","F12229"
"F12.23","F1223"
"F12.288","F12288"
"F12.29","F1229"
"F12.90","F1290"
"F12.92","F1292"
"F12.920","F12920"
"F12.921","F12921"
"F12.922","F12922"
"F12.929","F12929"
"F12.93","F1293"
"F12.988","F12988"
"F12.99","F1299"
"F13.10","F1310"
"F13.12","F1312"
"F13.120","F13120"
"F13.121","F13121"
"F13.129","F13129"
"F13.14","F1314"
"F13.181","F13181"
"F13.182","F13182"
"F13.188","F13188"
"F13.19","F1319"
"F13.20","F1320"
"F13.22","F1322"
"F13.220","F13220"
"F13.221","F13221"
"F13.229","F13229"
"F13.23","F1323"
"F13.230","F13230"
"F13.231","F13231"
"F13.232","F13232"
"F13.239","F13239"
"F13.24","F1324"
"F13.26","F1326"
"F13.27","F1327"
"F13.281","F13281"
"F13.282","F13282"
"F13.288","F13288"
"F13.29","F1329"
"F13.90","F1390"
"F13.92","F1392"
"F13.920","F13920"
"F13.921","F13921"
"F13.929","F13929"
"F13.93","F1393"
"F13.930","F13930"
"F13.931","F13931"
"F13.932","F13932"
"F13.939","F13939"
"F13.94","F1394"
"F13.96","F1396"
"F13.97","F1397"
"F13.981","F13981"
"F13.982","F13982"
"F13.988","F13988"
"F13.99","F1399"
"F14.10","F1410"
"F14.12","F1412"
"F14.120","F14120"
"F14.121","F14121"
"F14.122","F14122"
"F14.129","F14129"
"F14.14","F1414"
"F14.181","F14181"
"F14.182","F14182"
"F14.188","F14188"
"F14.19","F1419"
"F14.20","F1420"
"F14.22","F1422"
"F14.220","F14220"
"F14.221","F14221"
"F14.222","F14222"
"F14.229","F14229"
"F14.23","F1423"
"F14.24","F1424"
"F14.281","F14281"
"F14.282","F14282"
"F14.288","F14288"
"F14.29","F1429"
"F14.90","F1490"
"F14.92","F1492"
"F14.920","F14920"
"F14.921","F14921"
"F14.922","F14922"
"F14.929","F14929"
"F14.94","F1494"
"F14.981","F14981"
"F14.982","F14982"
"F14.988","F14988"
"F14.99","F1499"
"F15.10","F1510"
"F15.12","F1512"
"F15.120","F15120"
"F15.121","F15121"
"F15.122","F15122"
"F15.129","F15129"
"F15.14","F1514"
"F15.181","F15181"
"F15.182","F15182"
"F15.188","F15188"
"F15.19","F1519"
"F15.20","F1520"
"F15.22","F1522"
"F15.220","F15220"
"F15.221","F15221"
"F15.222","F15222"
"F15.229","F15229"
"F15.23","F1523"
"F15.24","F1524"
"F15.281","F15281"
"F15.282","F15282"
"F15.288","F15288"
"F15.29","F1529"
"F15.90","F1590"
"F15.92","F1592"
"F15.920","F15920"
"F15.921","F15921"
"F15.922","F15922"
"F15.929","F15929"
"F15.93","F1593"
"F15.94","F1594"
"F15.981","F15981"
"F15.982","F15982"
"F15.988","F15988"
"F15.99","F1599"
"F16.10","F1610"
"F16.12","F1612"
"F16.120","F16120"
"F16.121","F16121"
"F16.122","F16122"
"F16.129","F16129"
"F16.14","F1614"
"F16.183","F16183"
"F16.188","F16188"
"F16.19","F1619"
"F16.20","F1620"
"F16.22","F1622"
"F16.220","F16220"
"F16.221","F16221"
"F16.229","F16229"
"F16.24","F1624"
"F16.283","F16283"
"F16.288","F16288"
"F16.29","F1629"
"F16.90","F1690"
"F16.92","F1692"
"F16.920","F16920"
"F16.921","F16921"
"F16.929","F16929"
"F16.94","F1694"
"F16.983","F16983"
"F16.988","F16988"
"F16.99","F1699"
"F18.10","F1810"
"F18.12","F1812"
"F18.120","F18120"
"F18.121","F18121"
"F18.129","F18129"
"F18.14","F1814"
"F18.17","F1817"
"F18.188","F18188"
"F18.19","F1819"
"F18.20","F1820"
"F18.22","F1822"
"F18.220","F18220"
"F18.221","F18221"
"F18.229","F18229"
"F18.24","F1824"
"F18.27","F1827"
"F18.288","F18288"
"F18.29","F1829"
"F18.90","F1890"
"F18.92","F1892"
"F18.920","F18920"
"F18.921","F18921"
"F18.929","F18929"
"F18.94","F1894"
"F18.97","F1897"
"F18.988","F18988"
"F18.99","F1899"
"F17.200","F17200"
"F17.203","F17203"
"F17.208","F17208"
"F17.209","F17209"
"F17.210","F17210"
"F17.213","F17213"
"F17.218","F17218"
"F17.219","F17219"
"F17.220","F17220"
"F17.223","F17223"
"F17.228","F17228"
"F17.229","F17229"
"F17.290","F17290"
"F17.293","F17293"
"F17.298","F17298"
"F17.299","F17299"
"O99.33","O9933"
"O99.330","O99330"
"O99.331","O99331"
"O99.332","O99332"
"O99.333","O99333"
"O99.334","O99334"
"O99.335","O99335"
"F19.10","F1910"
"F19.12","F1912"
"F19.120","F19120"
"F19.121","F19121"
"F19.122","F19122"
"F19.129","F19129"
"F19.14","F1914"
"F19.16","F1916"
"F19.17","F1917"
"F19.181","F19181"
"F19.182","F19182"
"F19.188","F19188"
"F19.19","F1919"
"F19.20","F1920"
"F19.22","F1922"
"F19.220","F19220"
"F19.221","F19221"
"F19.222","F19222"
"F19.229","F19229"
"F19.23","F1923"
"F19.230","F19230"
"F19.231","F19231"
"F19.232","F19232"
"F19.239","F19239"
"F19.24","F1924"
"F19.26","F1926"
"F19.27","F1927"
"F19.281","F19281"
"F19.282","F19282"
"F19.288","F19288"
"F19.29","F1929"
"F19.90","F1990"
"F19.92","F1992"
"F19.920","F19920"
"F19.921","F19921"
"F19.922","F19922"
"F19.929","F19929"
"F19.93","F1993"
"F19.930","F19930"
"F19.931","F19931"
"F19.932","F19932"
"F19.939","F19939"
"F19.94","F1994"
"F19.96","F1996"
"F19.97","F1997"
"F19.981","F19981"
"F19.982","F19982"
"F19.988","F19988"
"F19.99","F1999"
"O35.5","O355"
"O35.5XX0","O355XX0"
"O35.5XX1","O355XX1"
"O35.5XX2","O355XX2"
"O35.5XX3","O355XX3"
"O35.5XX4","O355XX4"
"O35.5XX5","O355XX5"
"O35.5XX9","O355XX9"
"O99.32","O9932"
"O99.320","O99320"
"O99.321","O99321"
"O99.322","O99322"
"O99.323","O99323"
"O99.324","O99324"
"O99.325","O99325"
"F06.4","F064"
"F31.3","F313"
"F31.30","F3130"
"F31.31","F3131"
"F31.32","F3132"
"F31.4","F314"
"F31.5","F315"
"F31.6","F316"
"F31.60","F3160"
"F31.61","F3161"
"F31.62","F3162"
"F31.63","F3163"
"F31.64","F3164"
"F31.75","F3175"
"F31.76","F3176"
"F31.77","F3177"
"F31.78","F3178"
"F31.81","F3181"
"F32.0","F320"
"F32.1","F321"
"F32.2","F322"
"F32.3","F323"
"F32.4","F324"
"F32.5","F325"
"F32.89","F3289"
"F32.9","F329"
"F32.A","F32A"
"F33","F33"
"F33.0","F330"
"F33.1","F331"
"F33.2","F332"
"F33.3","F333"
"F33.4","F334"
"F33.40","F3340"
"F33.41","F3341"
"F33.42","F3342"
"F33.8","F338"
"F33.9","F339"
"F34.1","F341"
"F40","F40"
"F40.0","F400"
"F40.00","F4000"
"F40.01","F4001"
"F40.02","F4002"
"F40.1","F401"
"F40.10","F4010"
"F40.11","F4011"
"F40.2","F402"
"F40.21","F4021"
"F40.210","F40210"
"F40.218","F40218"
"F40.22","F4022"
"F40.220","F40220"
"F40.228","F40228"
"F40.23","F4023"
"F40.230","F40230"
"F40.231","F40231"
"F40.232","F40232"
"F40.233","F40233"
"F40.24","F4024"
"F40.240","F40240"
"F40.241","F40241"
"F40.242","F40242"
"F40.243","F40243"
"F40.248","F40248"
"F40.29","F4029"
"F40.290","F40290"
"F40.291","F40291"
"F40.298","F40298"
"F40.8","F408"
"F40.9","F409"
"F41","F41"
"F41.0","F410"
"F41.1","F411"
"F41.3","F413"
"F41.8","F418"
"F41.9","F419"
"F42","F42"
"F42.2","F422"
"F42.3","F423"
"F42.4","F424"
"F42.8","F428"
"F42.9","F429"
"F43.0","F430"
"F43.1","F431"
"F43.21","F4321"
"F43.23","F4323"
"F44.9","F449"
"F45.8","F458"
"F48.8","F488"
"F48.9","F489"
"F93.8","F938"
"F99","F99"
"R45.2","R452"
"R45.5","R455"
"R45.6","R456"
"R45.7","R457"
"O44.10","O4410"
"O44.12","O4412"
"O44.13","O4413"
"O44.30","O4430"
"O44.32","O4432"
"O44.33","O4433"
"O44.50","O4450"
"O44.52","O4452"
"O44.53","O4453"
"O45.099","O45099"
"O45.8X2","O458X2"
"O45.8X3","O458X3"
"O45.8X9","O458X9"
"O45.90","O4590"
"O45.92","O4592"
"O45.93","O4593"
"O46.8X2","O468X2"
"O46.8X3","O468X3"
"O46.8X9","O468X9"
"O46.92","O4692"
"O46.93","O4693"
"O46.90","O4690"
"O43.212","O43212"
"O43.213","O43213"
"O43.219","O43219"
"O43.222","O43222"
"O43.223","O43223"
"O43.229","O43229"
"O43.232","O43232"
"O43.233","O43233"
"O43.239","O43239"
"O72","O72"
"O72.0","O720"
"O72.1","O721"
"O72.2","O722"
"O36.4","O364"
"O36.4XX0","O364XX0"
"O36.4XX1","O364XX1"
"O36.4XX2","O364XX2"
"O36.4XX3","O364XX3"
"O36.4XX4","O364XX4"
"O36.4XX5","O364XX5"
"O36.4XX9","O364XX9"
"P95","P95"
"Z37.1","Z371"
"Z37.3","Z373"
"Z37.4","Z374"
"Z37.7","Z377"
"O75.82","O7582"
"O82","O82"
"765","765"
"766","766"
"783","783"
"784","784"
"785","785"
"786","786"
"787","787"
"788","788"
"10D00Z0","10D00Z0"
"10D00Z1","10D00Z1"
"10D00Z2","10D00Z2"
"59510","59510"
"59514","59514"
"59515","59515"
"59618","59618"
"59620","59620"
"59622","59622"
"O80","O80"
"767","767"
"768","768"
"774","774"
"775","775"
"796","796"
"797","797"
"798","798"
"805","805"
"806","806"
"807","807"
"10D07Z3","10D07Z3"
"10D07Z4","10D07Z4"
"10D07Z5","10D07Z5"
"10D07Z6","10D07Z6"
"10D07Z7","10D07Z7"
"10D07Z8","10D07Z8"
"10E0XZZ","10E0XZZ"
"59400","59400"
"59409","59409"
"59410","59410"
"59610","59610"
"59612","59612"
"59614","59614"
NA,NA
"O30.001","O30001"
"O30.002","O30002"
"O30.003","O30003"
"O30.011","O30011"
"O30.012","O30012"
"O30.013","O30013"
"O30.031","O30031"
"O30.032","O30032"
"O30.033","O30033"
"O30.041","O30041"
"O30.042","O30042"
"O30.043","O30043"
"O30.091","O30091"
"O30.092","O30092"
"O30.093","O30093"
"O30.101","O30101"
"O30.102","O30102"
"O30.103","O30103"
"O30.111","O30111"
"O30.112","O30112"
"O30.113","O30113"
"O30.121","O30121"
"O30.122","O30122"
"O30.123","O30123"
"O30.191","O30191"
"O30.192","O30192"
"O30.193","O30193"
"O30.201","O30201"
"O30.202","O30202"
"O30.203","O30203"
"O30.211","O30211"
"O30.212","O30212"
"O30.213","O30213"
"O30.221","O30221"
"O30.222","O30222"
"O30.223","O30223"
"O30.291","O30291"
"O30.292","O30292"
"O30.293","O30293"
"O30.801","O30801"
"O30.802","O30802"
"O30.803","O30803"
"O30.811","O30811"
"O30.812","O30812"
"O30.813","O30813"
"O30.821","O30821"
"O30.822","O30822"
"O30.823","O30823"
"O30.891","O30891"
"O30.892","O30892"
"O30.893","O30893"
"O30.91","O3091"
"O30.92","O3092"
"O30.93","O3093"
"O31.11","O3111"
"O31.11X0","O3111X0"
"O31.11X1","O3111X1"
"O31.11X2","O3111X2"
"O31.11X3","O3111X3"
"O31.11X4","O3111X4"
"O31.11X5","O3111X5"
"O31.11X9","O3111X9"
"O31.12","O3112"
"O31.12X0","O3112X0"
"O31.12X1","O3112X1"
"O31.12X2","O3112X2"
"O31.12X3","O3112X3"
"O31.12X4","O3112X4"
"O31.12X5","O3112X5"
"O31.12X9","O3112X9"
"O31.13X0","O3113X0"
"O31.13X1","O3113X1"
"O31.13X2","O3113X2"
"O31.13X3","O3113X3"
"O31.13X4","O3113X4"
"O31.13X5","O3113X5"
"O31.13X9","O3113X9"
"O31.21","O3121"
"O31.21X0","O3121X0"
"O31.21X1","O3121X1"
"O31.21X2","O3121X2"
"O31.21X3","O3121X3"
"O31.21X4","O3121X4"
"O31.21X5","O3121X5"
"O31.21X9","O3121X9"
"O31.22","O3122"
"O31.22X0","O3122X0"
"O31.22X1","O3122X1"
"O31.22X2","O3122X2"
"O31.22X3","O3122X3"
"O31.22X4","O3122X4"
"O31.22X5","O3122X5"
"O31.22X9","O3122X9"
"O31.23","O3123"
"O31.23X0","O3123X0"
"O31.23X1","O3123X1"
"O31.23X2","O3123X2"
"O31.23X3","O3123X3"
"O31.23X4","O3123X4"
"O31.23X5","O3123X5"
"O31.23X9","O3123X9"
"O31.8X1","O318X1"
"O31.8X10","O318X10"
"O31.8X11","O318X11"
"O31.8X12","O318X12"
"O31.8X13","O318X13"
"O31.8X14","O318X14"
"O31.8X15","O318X15"
"O31.8X19","O318X19"
"O31.8X2","O318X2"
"O31.8X20","O318X20"
"O31.8X21","O318X21"
"O31.8X22","O318X22"
"O31.8X23","O318X23"
"O31.8X24","O318X24"
"O31.8X25","O318X25"
"O31.8X29","O318X29"
"O31.8X3","O318X3"
"O31.8X30","O318X30"
"O31.8X31","O318X31"
"O31.8X32","O318X32"
"O31.8X33","O318X33"
"O31.8X34","O318X34"
"O31.8X35","O318X35"
"O31.8X39","O318X39"
"O32.1","O321"
"O32.1XX0","O321XX0"
"O32.1XX1","O321XX1"
"O32.1XX2","O321XX2"
"O32.1XX3","O321XX3"
"O32.1XX4","O321XX4"
"O32.1XX5","O321XX5"
"O32.1XX9","O321XX9"
"O32.2","O322"
"O32.2XX0","O322XX0"
"O32.2XX1","O322XX1"
"O32.2XX2","O322XX2"
"O32.2XX3","O322XX3"
"O32.2XX4","O322XX4"
"O32.2XX5","O322XX5"
"O32.2XX9","O322XX9"
"O32.3","O323"
"O32.3XX0","O323XX0"
"O32.3XX1","O323XX1"
"O32.3XX2","O323XX2"
"O32.3XX3","O323XX3"
"O32.3XX4","O323XX4"
"O32.3XX5","O323XX5"
"O32.3XX9","O323XX9"
"O32.8XX0","O328XX0"
"O32.8XX1","O328XX1"
"O32.8XX2","O328XX2"
"O32.8XX3","O328XX3"
"O32.8XX4","O328XX4"
"O32.8XX5","O328XX5"
"O32.8XX9","O328XX9"
"O32.9","O329"
"O32.9XX0","O329XX0"
"O32.9XX1","O329XX1"
"O32.9XX2","O329XX2"
"O32.9XX3","O329XX3"
"O32.9XX4","O329XX4"
"O32.9XX5","O329XX5"
"O32.9XX9","O329XX9"
"O34.211","O34211"
"O34.212","O34212"
"O34.219","O34219"
"O60.12","O6012"
"O60.12X0","O6012X0"
"O60.12X1","O6012X1"
"O60.12X2","O6012X2"
"O60.12X3","O6012X3"
"O60.12X4","O6012X4"
"O60.12X5","O6012X5"
"O60.12X9","O6012X9"
"O60.13","O6013"
"O60.13X0","O6013X0"
"O60.13X1","O6013X1"
"O60.13X2","O6013X2"
"O60.13X3","O6013X3"
"O60.13X4","O6013X4"
"O60.13X5","O6013X5"
"O60.13X9","O6013X9"
"O60.14","O6014"
"O60.14X0","O6014X0"
"O60.14X1","O6014X1"
"O60.14X2","O6014X2"
"O60.14X3","O6014X3"
"O60.14X4","O6014X4"
"O60.14X5","O6014X5"
"O60.14X9","O6014X9"
"O60.22","O6022"
"O60.22X0","O6022X0"
"O60.22X1","O6022X1"
"O60.22X2","O6022X2"
"O60.22X3","O6022X3"
"O60.22X4","O6022X4"
"O60.22X5","O6022X5"
"O60.22X9","O6022X9"
"O60.23","O6023"
"O60.23X0","O6023X0"
"O60.23X1","O6023X1"
"O60.23X2","O6023X2"
"O60.23X3","O6023X3"
"O60.23X4","O6023X4"
"O60.23X5","O6023X5"
"O60.23X9","O6023X9"
"O63.2","O632"
"O64.1","O641"
"O64.1XX0","O641XX0"
"O64.1XX1","O641XX1"
"O64.1XX2","O641XX2"
"O64.1XX3","O641XX3"
"O64.1XX4","O641XX4"
"O64.1XX5","O641XX5"
"O64.1XX9","O641XX9"
"O64.2","O642"
"O64.2XX0","O642XX0"
"O64.2XX1","O642XX1"
"O64.2XX2","O642XX2"
"O64.2XX3","O642XX3"
"O64.2XX4","O642XX4"
"O64.2XX5","O642XX5"
"O64.2XX9","O642XX9"
"O64.3","O643"
"O64.3XX0","O643XX0"
"O64.3XX1","O643XX1"
"O64.3XX2","O643XX2"
"O64.3XX3","O643XX3"
"O64.3XX4","O643XX4"
"O64.3XX5","O643XX5"
"O64.3XX9","O643XX9"
"O66.1","O661"
"O66.6","O666"
"P01.5","P015"
"Z37.2","Z372"
"Z37.5","Z375"
"Z37.50","Z3750"
"Z37.51","Z3751"
"Z37.52","Z3752"
"Z37.53","Z3753"
"Z37.54","Z3754"
"Z37.59","Z3759"
"Z37.6","Z376"
"Z37.60","Z3760"
"Z37.61","Z3761"
"Z37.62","Z3762"
"Z37.63","Z3763"
"Z37.64","Z3764"
"Z37.69","Z3769"
"O66.5","O665"
"O95","O95"
"O96","O96"
"O96.0","O960"
"O96.1","O961"
"O96.9","O969"
"O97","O97"
"O97.0","O970"
"O97.1","O971"
"O97.9","O979"
"O70.2","O702"
"O70.20","O7020"
"O70.21","O7021"
"O70.22","O7022"
"O70.23","O7023"
"O70.3","O703"
"P07.0","P070"
"P07.00","P0700"
"P07.01","P0701"
"P07.02","P0702"
"P07.03","P0703"
"P07.1","P071"
"P07.10","P0710"
"P07.14","P0714"
"P07.15","P0715"
"P07.16","P0716"
"P07.17","P0717"
"P07.18","P0718"
"P07.2","P072"
"P07.20","P0720"
"P07.21","P0721"
"P07.22","P0722"
"P07.23","P0723"
"P07.24","P0724"
"P07.25","P0725"
"P07.26","P0726"
"P07.3","P073"
"P07.30","P0730"
"P07.31","P0731"
"P07.32","P0732"
"P07.33","P0733"
"P07.34","P0734"
"P07.35","P0735"
"P07.36","P0736"
"P07.37","P0737"
"P07.38","P0738"
"P07.39","P0739"
